{
  "all_validators_pass": true,
  "required_improvement": 0.0,
  "rows": [
    {
      "validator_uid": 4,
      "before_ce": 7.45413955450058,
      "required_ce": 7.45413955450058,
      "after_ce": 7.363151359558105,
      "margin": 0.0909881949424749,
      "pass": true
    },
    {
      "validator_uid": 6,
      "before_ce": 7.958062052726746,
      "required_ce": 7.958062052726746,
      "after_ce": 6.887970960140228,
      "margin": 1.0700910925865177,
      "pass": true
    },
    {
      "validator_uid": 16,
      "before_ce": 5.970828711986542,
      "required_ce": 5.970828711986542,
      "after_ce": 5.71887903213501,
      "margin": 0.25194967985153216,
      "pass": true
    }
  ]
}