{
  "uid": 93,
  "model_dir": "/root/sn47/sn-47-agent/models/evolai_test_challenge",
  "train_mode": "lm_head",
  "max_steps": 30,
  "lr": 5e-05,
  "max_seq_len": 512,
  "trainable_params": 190709760,
  "avg_train_loss": 7.134857193628947,
  "before_union_ce": 6.964445382356644,
  "after_union_ce": 6.303424996137619,
  "before_by_validator_ce": {
    "16": 5.970828711986542,
    "4": 7.45413955450058,
    "6": 7.958062052726746
  },
  "after_by_validator_ce": {
    "16": 5.71887903213501,
    "4": 7.363151359558105,
    "6": 6.887970960140228
  },
  "improvement_union_ratio": 0.09491357171004865
}