{
  "uid": 93,
  "model_dir": "/root/sn47/sn-47-agent/models/evolai_test_challenge",
  "train_mode": "lm_head",
  "max_steps": 30,
  "lr": 5e-05,
  "max_seq_len": 512,
  "trainable_params": 190709760,
  "avg_train_loss": 4.75531389315923,
  "before_union_ce": 6.136668944358826,
  "after_union_ce": 5.676974555850029,
  "before_by_validator_ce": {
    "16": 5.275728678703308,
    "4": 6.184553503990173,
    "6": 6.997609210014343
  },
  "after_by_validator_ce": {
    "16": 4.406349700689316,
    "4": 6.205474209785462,
    "6": 6.947599411010742
  },
  "improvement_union_ratio": 0.07490943257275993
}